<?xml version="1.0" encoding="UTF-8"?>
<addons>
  <addon id="plugin.program.orderfavourites" name="Order Favourites" version="3.0" provider-name="M-Borsch">
  <requires>
    <import addon="xbmc.python" version="3.0.0"/>
  </requires>
  <extension point="xbmc.python.pluginsource" library="default.py">
    <provides>executable</provides>
  </extension>
  <extension point="xbmc.addon.metadata">
    <news>
[COLOR lavender][B]Order Favourites[/B][/COLOR]
[B]3.0:[/B]
- Add logo to editing screen.

[B]2.0:[/B]
- Add wrapping of Favourite titles.

[B]1.0:[/B]
- Original version forked from Order Favourites designed for Estuary skin. Works with other skins (e.g. Confluence)

    </news>
        <summary>
Reorder your Favourites made easy!
    </summary>
    <description lang="en">
Lets you reorder the entries in your Favourites.
Use this to organize your Favourites. Works with various skins (e.g. Confluence)
    </description>
    <platform>all</platform>
    <assets>
        <icon>icon.png</icon>
    </assets>
  </extension>
</addon>
</addons>
