<?xml version="1.0" encoding="UTF-8"?>
<addons>
<addon id="plugin.program.orderfavourites.insert" name="Order Favourites - Insert" version="1.0" provider-name="M-Borsch,MB-K@DI,doko-desuka">
  <requires>
    <import addon="xbmc.python" version="3.0.0"/>
  </requires>
  <extension point="xbmc.python.pluginsource" library="default.py">
    <provides>executable</provides>
  </extension>
  <extension point="xbmc.addon.metadata">
    <news>
      [COLOR lavender][B]Order Favourites - Insert Version[/B][/COLOR]
      
      [B]1.0:[/B]
      - Original release of the "Insert" version of Order Favourites.
      - Original Estuary code written by https://github.com/doko-desuka
    </news>
    <summary>
Reorder your Favourites made easy!
    </summary>
    <description lang="en">
Lets you reorder the entries in your Favourites by "inserting" entries in your Favourites list.
      
Select "A" then "B" - "A" will be inserted in front of "B".

Use this to quickly and easily organize your Favourites.
    </description>
    <platform>all</platform>
    <assets>
        <icon>icon.png</icon>
    </assets>
  </extension>
</addon>
<addon id="plugin.program.orderfavourites.swap" name="Order Favourites - Swap" version="1.1" provider-name="M-Borsch,MB-K@DI,doko-desuka">
  <requires>
    <import addon="xbmc.python" version="3.0.0"/>
  </requires>
  <extension point="xbmc.python.pluginsource" library="default.py">
    <provides>executable</provides>
  </extension>
  <extension point="xbmc.addon.metadata">
    <news>
      [COLOR lavender][B]Order Favourites - Swap[/B][/COLOR]
      
      [B]1.1:[/B]
      - Add description of what "swap" means on editing screen.
      
      [B]1.0.0:[/B]
      - Original release of the "Swap" version of Order Favourites.
      - Original Estuary code written by https://github.com/doko-desuka
    </news>
    <summary>
Reorder your Favourites made easy!
    </summary>
    <description lang="en">
Lets you reorder the entries in your Favourites by "swapping" entries in your Favourites list.

Select "A" then "B" - "A" will be placed where "B" is and vice versa.

Use this to quickly and easily organize your Favourites.
    </description>
    <platform>all</platform>
    <assets>
        <icon>icon.png</icon>
    </assets>
  </extension>
</addon>
</addons>
