<?xml version="1.0" encoding="UTF-8" standalone="yes"?>
<addon id="repository.kodi.mb"
        name="MB-Kodi Repository"
        version="1.0.0" 
        provider-name="M-Borsch">
    <requires>
        <import addon="xbmc.addon" version="15.0.0"/>
    </requires>
    <extension point="xbmc.addon.repository" name="repository.kodi.mb">
        <dir>	    
            <info compressed="false">https://raw.githubusercontent.com/M-Borsch/repository.kodi.mb/main/repo/zips/addons.xml</info>
            <checksum>https://raw.githubusercontent.com/M-Borsch/repository.kodi.mb/main/repo/zips/addons.xml.md5</checksum>
            <datadir zip="true">https://raw.githubusercontent.com/M-Borsch/repository.kodi.mb/main/repo/zips/</datadir>
	</dir>		
    </extension>
    <extension point="xbmc.addon.metadata">
        <summary lang="en_GB">Install add-ons from MB-Kodi</summary>
        <description lang="en_GB">This repository is for development builds of MB-Kodi Addons.
		
Program Addon: 
- Order Favourites - an addon that allows you to easily re-order your favourites. Works in Confluence skin.</description>
	<disclaimer>Information published on or related to MB-Kodi® repository is accurate and correct to our knowledge, however, there may be omissions, errors, or mistakes. Content published on or related to MB-Kodi is for informational purposes only. By continuing to use these services, you agree to the Terms and Conditions outlined in the ReadMe file. https://github.com/M-Borsch/repository.kodi.mb/blob/main/README.md</disclaimer>
        <news>
                [COLOR lavender][B]M-Borsch Repository[/B][/COLOR]
                [B]1.0:[/B]
                - Original version of the M-Borsch MB-Kodi repo
        </news>
		<assets>
			<icon>icon.png</icon>
			<fanart>fanart.jpg</fanart>
		</assets>
        <license>GPLv2</license>
        <website>http://borsch.ca</website>
        <source>https://github.com/M-Borsch/repository.kodi.mb</source>
        <platform>all</platform>
    </extension>
</addon>
